{
  "categories": [
    {
      "id": "2ec19794-99a3-4422-a27f-697f0952602f",
      "categoryName": "Lawrence Brock",
      "description": "Illum ullam ratione",
      "numberOfProducts": "222",
      "status": "In Stock",
      "imageUrl": "https://res.cloudinary.com/dwxhjomtn/image/upload/v1717392159/Categories/hawaiian_rvbxrx.png",
      "categoryId": ""
    },
    {
      "id": "dfe7e001-9515-4bc7-9346-01cb5801226a",
      "categoryName": "Kasper Henson",
      "description": "Eos sed eos tempora ",
      "numberOfProducts": "483",
      "status": "Out of Stock",
      "imageUrl": "https://res.cloudinary.com/dwxhjomtn/image/upload/v1717858409/Categories/Rectangle_79_thgvph.png"
    }
  ],
  "products": [],
  "coupons": [
    {
      "id": "79693bdb-e10e-403b-90c7-b477f128339c",
      "offerCode": "Big500",
      "discount": "63",
      "offerPrice": "219",
      "expiryDate": "1987-04-06",
      "discription": "Aliqua Excepteur iu"
    },
    {
      "id": "5f4676ad-1913-4c98-92d0-67bf9cf5c8aa",
      "offerCode": "Error omnis minus eu",
      "discount": "26",
      "offerPrice": "985",
      "expiryDate": "2004-07-01",
      "discription": "Dolore error magni q"
    },
    {
      "id": "c56171eb-2b0d-4e50-af7a-f222c2ddd30a",
      "offerCode": "Omnis error qui numq",
      "discount": "67",
      "offerPrice": "477",
      "expiryDate": "2023-08-03",
      "discription": "Eos voluptate suscip"
    },
    {
      "id": "5da09cab-ca43-4ac3-bd9b-2b97328a08d9",
      "offerCode": "Consequat Quisquam ",
      "discount": "100",
      "offerPrice": "316",
      "expiryDate": "1983-05-08",
      "discription": "Nisi Nam officia off"
    }
  ],
  "restaurants": [
    {
      "id": "fada55a6-0b9c-48ca-87d4-9c99a568af5b",
      "restaurantName": "Bharat  Hotel",
      "address": "Near Rajkot jamnagar Highway  , PAddhari  360110",
      "mobilenumber": "7874787388",
      "ratings": "2",
      "description": "THIS IS GOOD HOTEL",
      "images": [
        "http://res.cloudinary.com/dwxhjomtn/image/upload/v1717830907/Restaurants/istockphoto-1079901206-612x612_gkxapw.jpg"
      ],
      "latitude": "38.8951",
      "longitude": "38.8951",
      "imageUrl": [
        "http://res.cloudinary.com/dwxhjomtn/image/upload/v1717830907/Restaurants/istockphoto-1079901206-612x612_gkxapw.jpg"
      ]
    },
    {
      "id": "bfab4f03-32d0-460a-8ba2-9b80aeefee0e",
      "restaurantName": "Charlotte Schmidt",
      "address": "Molestiae aut in et ",
      "mobilenumber": "668",
      "ratings": 0,
      "description": "Magna eos fuga Fugi",
      "images": [],
      "latitude": "22",
      "longitude": "4"
    }
  ],
  "gallary": [
    {
      "id": "2b7d72ed-cea3-4519-8284-f9f29b9d569e",
      "images": [
        "http://res.cloudinary.com/dwxhjomtn/image/upload/v1717911129/Gallary/Rectangle_73_ynixqg.png"
      ],
      "title": "Anim anim doloribus "
    },
    {
      "id": "4495f5c5-e627-4d9f-8c77-260c050646c4",
      "images": [
        "http://res.cloudinary.com/dwxhjomtn/image/upload/v1717917272/Gallary/CheeseBurger_jwd9iv.png"
      ],
      "title": "Rerum nulla sed even"
    },
    {
      "id": "0e79a17d-26be-4d22-aeae-4f9b8d038493",
      "images": [
        "http://res.cloudinary.com/dwxhjomtn/image/upload/v1717917272/Gallary/CheeseBurger_xfl4uw.png"
      ],
      "title": "Rerum nulla sed even"
    }
  ]
}